rank,title,gross,year
1,Avatar,"$2,923,710,708",2009
2,Avengers: Endgame,"$2,799,439,100",2019
3,Avatar: The Way of Water,"$2,343,096,253",2022
4,Titanic,"$2,264,812,968",1997
5,Ne Zha 2,"$2,150,000,000",2025
6,Star Wars: Episode VII - The Force Awakens,"$2,071,310,218",2015
7,Avengers: Infinity War,"$2,052,415,039",2018
8,Spider-Man: No Way Home,"$1,921,426,073",2021
9,Inside Out 2,"$1,698,863,816",2024
10,Jurassic World,"$1,671,537,444",2015
11,The Lion King,"$1,662,020,819",2019
12,The Avengers,"$1,520,538,536",2012
13,Furious 7,"$1,515,342,457",2015
14,Top Gun: Maverick,"$1,495,696,292",2022
15,Frozen II,"$1,453,683,476",2019
16,Barbie,"$1,447,138,421",2023
17,Avengers: Age of Ultron,"$1,405,018,048",2015
18,The Super Mario Bros. Movie,"$1,360,879,735",2023
19,Black Panther,"$1,349,926,083",2018
20,Harry Potter and the Deathly Hallows: Part 2,"$1,342,505,340",2011
21,Deadpool & Wolverine,"$1,338,073,645",2024
22,Star Wars: Episode VIII - The Last Jedi,"$1,334,407,706",2017
23,Jurassic World: Fallen Kingdom,"$1,310,469,037",2018
24,Frozen,"$1,286,319,131",2013
25,Beauty and the Beast,"$1,266,115,964",2017
26,Incredibles 2,"$1,243,225,667",2018
27,The Fate of the Furious,"$1,236,009,236",2017
28,Iron Man 3,"$1,215,577,205",2013
29,Minions,"$1,159,457,503",2015
30,Captain America: Civil War,"$1,155,046,416",2016
31,Aquaman,"$1,152,028,393",2018
32,The Lord of the Rings: The Return of the King,"$1,139,429,977",2003
33,Spider-Man: Far from Home,"$1,132,723,226",2019
34,Captain Marvel,"$1,131,416,446",2019
35,Transformers: Dark of the Moon,"$1,123,794,079",2011
36,The Dark Knight Rises,"$1,115,050,227",2012
37,Skyfall,"$1,108,594,137",2012
38,Transformers: Age of Extinction,"$1,105,261,713",2014
39,Jurassic Park,"$1,104,381,322",1993
40,Joker,"$1,078,958,629",2019
41,Star Wars: Episode IX - The Rise of Skywalker,"$1,077,022,372",2019
42,Toy Story 4,"$1,073,841,394",2019
43,Toy Story 3,"$1,067,316,101",2010
44,Pirates of the Caribbean: Dead Man's Chest,"$1,066,179,747",2006
45,Moana 2,"$1,059,242,164",2024
46,Rogue One: A Star Wars Story,"$1,058,684,742",2016
47,Aladdin,"$1,054,304,000",2019
48,Pirates of the Caribbean: On Stranger Tides,"$1,046,721,266",2011
49,Star Wars: Episode I - The Phantom Menace,"$1,046,515,409",1999
50,Lilo & Stitch,"$1,037,869,882",2025
51,Despicable Me 3,"$1,034,800,131",2017
52,Finding Dory,"$1,029,266,989",2016
53,Harry Potter and the Sorcerer's Stone,"$1,028,538,783",2001
54,Zootopia,"$1,025,521,689",2016
55,Alice in Wonderland,"$1,025,468,216",2010
56,The Hobbit: An Unexpected Journey,"$1,017,453,991",2012
57,The Dark Knight,"$1,009,242,873",2008
58,Jurassic World: Dominion,"$1,001,978,080",2022
59,The Lion King,"$979,161,373",1994
60,Oppenheimer,"$975,811,333",2023
61,Despicable Me 4,"$972,021,410",2024
62,Despicable Me 2,"$970,766,005",2013
63,The Jungle Book,"$967,724,775",2016
64,The Hobbit: The Battle of the Five Armies,"$962,749,443",2014
65,Jumanji: Welcome to the Jungle,"$962,544,585",2017
66,Pirates of the Caribbean: At World's End,"$961,691,209",2007
67,Harry Potter and the Deathly Hallows: Part 1,"$960,858,478",2010
68,The Hobbit: The Desolation of Smaug,"$959,079,095",2013
69,A Minecraft Movie,"$957,949,195",2025
70,Doctor Strange in the Multiverse of Madness,"$955,775,804",2022
71,Harry Potter and the Order of the Phoenix,"$942,872,838",2007
72,Finding Nemo,"$941,637,960",2003
73,Harry Potter and the Half-Blood Prince,"$941,056,063",2009
74,Minions: The Rise of Gru,"$940,482,695",2022
75,The Lord of the Rings: The Two Towers,"$938,836,704",2002
76,Shrek 2,"$932,534,181",2004
77,Bohemian Rhapsody,"$910,813,521",2018
78,Star Wars: Episode III - Revenge of the Sith,"$905,595,947",2005
79,The Battle at Lake Changjin,"$902,548,476",2021
80,Harry Potter and the Goblet of Fire,"$899,660,004",2005
81,The Lord of the Rings: The Fellowship of the Ring,"$889,475,295",2001
82,Spider-Man 3,"$887,404,761",2007
83,Ice Age: Dawn of the Dinosaurs,"$886,686,817",2009
84,Harry Potter and the Chamber of Secrets,"$882,933,392",2002
85,Spider-Man: Homecoming,"$880,978,185",2017
86,Spectre,"$880,707,597",2015
87,Ice Age: Continental Drift,"$877,244,782",2012
88,The Secret Life of Pets,"$875,698,161",2016
89,Batman v Superman: Dawn of Justice,"$874,362,803",2016
90,Wolf Warrior 2,"$870,325,439",2017
91,The Hunger Games: Catching Fire,"$869,070,923",2013
92,Jurassic World: Rebirth,"$868,479,513",2025
93,Guardians of the Galaxy Vol. 2,"$863,764,214",2017
94,Black Panther: Wakanda Forever,"$859,208,836",2022
95,Inside Out,"$859,076,254",2015
96,Venom,"$856,085,161",2018
97,Thor: Ragnarok,"$855,301,806",2017
98,The Twilight Saga: Breaking Dawn - Part 2,"$849,413,897",2012
99,Guardians of the Galaxy Vol. 3,"$845,555,777",2023
100,Inception,"$839,786,473",2010
101,Transformers: Revenge of the Fallen,"$836,304,167",2009
102,Mission: Impossible - Fallout,"$824,171,374",2018
103,Wonder Woman,"$823,970,682",2017
104,"Hi, Mom","$822,009,764",2021
105,Independence Day,"$817,400,891",1996
106,Fantastic Beasts and Where to Find Them,"$816,037,575",2016
107,Coco,"$814,641,172",2017
108,Spider-Man,"$810,923,968",2002
109,Harry Potter and the Prisoner of Azkaban,"$810,004,984",2004
110,Shrek the Third,"$808,310,187",2007
111,Jumanji: The Next Level,"$801,693,929",2019
112,The Da Vinci Code,"$801,349,858",2006
113,E.T. the Extra-Terrestrial,"$797,307,407",1982
114,Pirates of the Caribbean: Dead Men Tell No Tales,"$795,922,298",2017
115,2012,"$791,217,826",2009
116,Fast & Furious 6,"$788,683,342",2013
117,Indiana Jones and the Kingdom of the Crystal Skull,"$786,636,033",2008
118,Deadpool 2,"$785,896,632",2018
119,Spider-Man 2,"$785,498,948",2004
120,Deadpool,"$782,837,347",2016
121,Star Wars: Episode IV - A New Hope,"$775,398,507",1977
122,No Time to Die,"$774,153,007",2021
123,Guardians of the Galaxy,"$773,350,376",2014
124,The Batman,"$772,319,315",2022
125,Thor: Love and Thunder,"$760,928,081",2022
126,Fast & Furious Presents: Hobbs & Shaw,"$760,732,926",2019
127,Maleficent,"$759,853,685",2014
128,Interstellar,"$759,161,023",2014
129,The Hunger Games: Mockingjay - Part 1,"$758,846,335",2014
130,The Amazing Spider-Man,"$758,725,893",2012
131,Wicked,"$756,555,100",2024
132,Shrek Forever After,"$752,600,867",2010
133,Suicide Squad,"$749,200,054",2016
134,Madagascar 3: Europe's Most Wanted,"$746,921,274",2012
135,X-Men: Days of Future Past,"$746,045,700",2014
136,"The Chronicles of Narnia: The Lion, the Witch and the Wardrobe","$745,013,115",2005
137,Monsters University,"$743,559,645",2013
138,The Matrix Reloaded,"$741,847,937",2003
139,The Twilight Saga: Eclipse,"$738,996,258",2010
140,Up,"$735,103,954",2009
141,F9: The Fast Saga,"$726,229,501",2021
142,Ne Zha,"$726,225,471",2019
143,Gravity,"$723,753,370",2013
144,Mufasa: The Lion King,"$722,631,756",2024
145,The Amazing Spider-Man 2,"$716,934,779",2014
146,Dune: Part Two,"$714,844,358",2024
147,Captain America: The Winter Soldier,"$714,421,503",2014
148,The Twilight Saga: Breaking Dawn - Part 1,"$712,716,346",2011
149,The Twilight Saga: New Moon,"$712,111,133",2009
150,Mission: Impossible - Rogue Nation,"$710,916,403",2015
151,Dawn of the Planet of the Apes,"$710,644,566",2014
152,Transformers,"$709,709,780",2007
153,Mamma Mia!,"$706,681,729",2008
154,Fast X,"$704,875,015",2023
155,It,"$704,242,888",2017
156,The Wandering Earth,"$699,992,512",2019
157,The Hunger Games,"$695,220,619",2012
158,Mission: Impossible - Ghost Protocol,"$694,713,380",2011
159,Spider-Man: Across the Spider-Verse,"$690,824,738",2023
160,Detective Chinatown 3,"$686,257,563",2021
161,Forrest Gump,"$678,226,465",1994
162,Doctor Strange,"$677,796,833",2016
163,The Sixth Sense,"$672,806,432",1999
164,Full River Red,"$670,491,959",2023
165,Demon Slayer: Kimetsu no Yaiba- The Movie - Infinity Castle,"$670,176,164",2025
166,Man of Steel,"$670,145,518",2013
167,Ice Age 2: The Meltdown,"$667,318,416",2006
168,Kung Fu Panda 2,"$665,692,281",2011
169,The Hunger Games: Mockingjay - Part 2,"$664,905,155",2015
170,Justice League,"$661,326,987",2017
171,Big Hero 6,"$658,049,598",2014
172,Fantastic Beasts: The Crimes of Grindelwald,"$655,755,901",2018
173,Pirates of the Caribbean: The Curse of the Black Pearl,"$654,264,546",2003
174,Men in Black³,"$654,213,485",2012
175,Star Wars: Episode II - Attack of the Clones,"$653,780,724",2002
176,Thor: The Dark World,"$644,783,140",2013
177,Moana,"$643,332,974",2016
178,How to Train Your Dragon,"$636,055,256",2025
179,Wonka,"$634,502,312",2023
180,Sing,"$634,338,409",2016
181,Kung Fu Panda,"$632,384,787",2008
182,The Incredibles,"$631,688,498",2004
183,The Martian,"$630,621,406",2015
184,F1: The Movie,"$629,527,111",2025
185,Hancock,"$629,443,428",2008
186,Water Gate Bridge,"$626,571,697",2022
187,Fast Five,"$626,140,012",2011
188,Iron Man 2,"$623,933,331",2010
189,Ratatouille,"$623,738,973",2007
190,Ant-Man and the Wasp,"$622,674,139",2018
191,How to Train Your Dragon 2,"$621,537,519",2014
192,Logan,"$619,180,476",2017
193,The Lost World: Jurassic Park,"$618,638,999",1997
194,Casino Royale,"$616,585,752",2006
195,Superman,"$615,984,465",2025
196,The Wandering Earth II,"$615,023,132",2023
197,The Passion of the Christ,"$610,063,438",2004
198,Life of Pi,"$609,016,565",2012
199,Ready Player One,"$607,874,422",2018
200,Transformers: The Last Knight,"$605,425,157",2017
201,Madagascar: Escape 2 Africa,"$603,900,354",2008
202,War of the Worlds,"$603,873,504",2005
203,Mission: Impossible - The Final Reckoning,"$598,767,057",2025
204,Tangled,"$591,806,017",2010
205,Quantum of Solace,"$589,593,688",2008
206,Men in Black,"$589,390,539",1997
207,The Croods,"$587,266,745",2013
208,The Hangover Part II,"$586,764,305",2011
209,Iron Man,"$585,796,247",2008
210,I Am Legend,"$585,498,742",2007
211,"Monsters, Inc.","$579,771,043",2001
212,Operation Red Sea,"$579,330,426",2018
213,Night at the Museum,"$574,482,479",2006
214,Godzilla x Kong: The New Empire,"$572,050,016",2024
215,Mission: Impossible - Dead Reckoning Part One,"$571,125,435",2023
216,Fifty Shades of Grey,"$569,651,467",2015
217,The Little Mermaid,"$569,642,672",2023
218,Kong: Skull Island,"$568,652,812",2017
219,The Smurfs,"$563,892,376",2011
220,Cars 2,"$559,853,036",2011
221,King Kong,"$556,907,510",2005
222,Puss in Boots,"$554,987,477",2011
223,The Mermaid,"$553,810,228",2016
224,Armageddon,"$553,712,773",1998
225,The Day After Tomorrow,"$552,639,571",2004
226,Star Wars: Episode V - The Empire Strikes Back,"$550,016,086",1980
227,Ted,"$549,368,315",2012
228,Kung Fu Panda 4,"$547,946,428",2024
229,American Sniper,"$547,659,020",2014
230,Mission: Impossible II,"$546,388,108",2000
231,Detective Chinatown 2,"$544,185,156",2018
232,Despicable Me,"$544,174,973",2010
233,X-Men: Apocalypse,"$543,934,105",2016
234,Sherlock Holmes: A Game of Shadows,"$543,848,418",2011
235,Cinderella,"$542,358,331",2015
236,Madagascar,"$542,068,271",2005
237,Hotel Transylvania 3: Summer Vacation,"$541,504,608",2018
238,World War Z,"$540,455,876",2013
239,How to Train Your Dragon: The Hidden World,"$539,987,993",2019
240,The Grinch,"$539,294,964",2018
241,Brave,"$538,983,207",2012
242,The Simpsons Movie,"$536,414,293",2007
243,Dunkirk,"$533,696,799",2017
244,The Revenant,"$532,950,503",2015
245,No More Bets,"$532,600,264",2023
246,The Meg,"$529,338,515",2018
247,Ralph Breaks the Internet,"$529,323,962",2018
248,The Boss Baby,"$527,965,936",2017
249,WALL·E,"$527,403,656",2008
250,Godzilla,"$524,978,362",2014
251,Sherlock Holmes,"$524,028,679",2009
252,Meet the Fockers,"$522,657,936",2004
253,The Fantastic Four: First Steps,"$521,858,728",2025
254,Kung Fu Panda 3,"$521,170,825",2016
255,Ant-Man,"$519,311,965",2015
256,Terminator 2: Judgment Day,"$517,778,573",1991
257,La La Land,"$509,183,536",2016
258,Venom: Let There Be Carnage,"$506,813,864",2021
259,Ghost,"$505,703,557",1990
260,Aladdin,"$504,050,219",1992
261,Rio 2,"$498,781,117",2014
262,Troy,"$497,409,852",2004
263,Toy Story 2,"$497,375,404",1999
264,Elemental,"$496,444,308",2023
265,How to Train Your Dragon,"$494,879,860",2010
266,Twister,"$494,580,615",1996
267,Oz the Great and Powerful,"$493,311,825",2013
268,Clash of the Titans,"$493,214,993",2010
269,Sonic the Hedgehog 3,"$492,162,604",2024
270,Maleficent: Mistress of Evil,"$491,730,089",2019
271,The Conjuring: Last Rites,"$491,070,808",2025
272,Jaws,"$490,736,300",1975
273,War for the Planet of the Apes,"$490,719,763",2017
274,Shrek,"$488,977,919",2001
275,Lost in the Stars,"$487,637,474",2023
276,Mr. & Mrs. Smith,"$487,287,646",2005
277,Demon Slayer: Kimetsu no Yaiba - The Movie: Mugen Train,"$486,451,200",2020
278,Angels & Demons,"$485,930,816",2009
279,Teenage Mutant Ninja Turtles,"$485,004,754",2014
280,Bruce Almighty,"$484,592,874",2003
281,Rio,"$483,895,196",2011
282,Star Wars: Episode VI - Return of the Jedi,"$482,466,382",1983
283,Saving Private Ryan,"$482,352,390",1998
284,Rise of the Planet of the Apes,"$481,800,873",2011
285,Puss in Boots: The Last Wish,"$480,466,413",2022
286,Venom: The Last Dance,"$478,937,618",2024
287,Home Alone,"$476,684,675",1990
288,Ant-Man and the Wasp: Quantumania,"$476,071,180",2023
289,Hotel Transylvania 2,"$475,186,976",2015
290,Charlie and the Chocolate Factory,"$474,968,763",2005
291,San Andreas,"$474,609,154",2015
292,Indiana Jones and the Last Crusade,"$474,171,806",1989
293,It: Chapter Two,"$473,123,154",2019
294,The Greatest Showman,"$471,871,490",2017
295,Wreck-It Ralph,"$471,222,906",2012
296,The Lego Movie,"$470,760,260",2014
297,Godzilla vs. Kong,"$470,116,094",2021
298,The Hangover,"$469,329,059",2009
299,Lucy,"$469,058,574",2014
300,Bumblebee,"$467,989,645",2018
301,The Matrix,"$467,845,851",1999
302,Star Trek Into Darkness,"$467,365,246",2013
303,Gladiator,"$465,516,248",2000
304,Pretty Woman,"$463,406,268",1990
305,Gladiator II,"$462,180,717",2024
306,Cars,"$461,996,328",2006
307,The Eight Hundred,"$461,421,559",2020
308,X-Men: The Last Stand,"$460,435,291",2006
309,Moon Man,"$460,237,662",2022
310,National Treasure: Book of Secrets,"$459,242,249",2007
311,Mission: Impossible,"$457,696,391",1996
312,300,"$456,082,343",2007
313,The Last Samurai,"$454,627,263",2003
314,Beetlejuice Beetlejuice,"$452,000,435",2024
315,Beauty and the Beast,"$451,291,298",1991
316,Dying to Survive,"$451,183,391",2018
317,Ocean's Eleven,"$450,717,150",2001
318,"My People, My Country","$450,064,993",2019
319,Pokémon: Detective Pikachu,"$450,063,166",2019
320,Thor,"$449,326,618",2011
321,Pearl Harbor,"$449,220,945",2001
322,Tarzan,"$448,192,603",1999
323,John Wick: Chapter 4,"$447,142,521",2023
324,1917,"$446,064,352",2019
325,Men in Black II,"$445,135,288",2002
326,The Mummy Returns,"$443,284,916",2001
327,Alvin and the Chipmunks: The Squeakquel,"$443,140,005",2009
328,The Bourne Ultimatum,"$442,824,138",2007
329,Les Misérables,"$442,757,529",2012
330,Transformers: Rise of the Beasts,"$441,656,550",2023
331,Mrs. Doubtfire,"$441,286,195",1993
332,Terminator Genisys,"$440,603,537",2015
333,Aquaman and the Lost Kingdom,"$440,181,226",2023
334,A Star Is Born,"$439,943,006",2018
335,Warcraft,"$439,048,914",2016
336,Yolo,"$433,606,094",2024
337,Terminator 3: Rise of the Machines,"$433,371,112",2003
338,Shang-Chi and the Legend of the Ten Rings,"$432,243,292",2021
339,Die Another Day,"$431,971,781",2002
340,The Secret Life of Pets 2,"$431,164,459",2019
341,The Exorcist,"$430,872,776",1973
342,Cast Away,"$429,632,142",2000
343,Rampage,"$428,128,399",2018
344,The Matrix Revolutions,"$427,344,325",2003
345,The Intouchables,"$426,590,315",2011
346,Bad Boys for Life,"$426,505,244",2020
347,Django Unchained,"$426,076,540",2012
348,Dances with Wolves,"$424,208,848",1990
349,Pegasus 2,"$422,878,491",2024
350,"My People, My Homeland","$422,390,820",2020
351,Successor,"$422,307,398",2024
352,The Chronicles of Narnia: Prince Caspian,"$419,665,568",2008
353,Sex and the City,"$418,769,972",2008
354,The Captain,"$417,863,545",2019
355,The Mummy,"$417,643,286",1999
356,The Chronicles of Narnia: The Voyage of the Dawn Treader,"$415,686,217",2010
357,Jason Bourne,"$415,484,914",2016
358,Captain America: Brave New World,"$415,101,577",2025
359,The Wolverine,"$414,828,246",2013
360,Kingsman: The Secret Service,"$414,351,546",2015
361,The King's Speech,"$414,245,125",2010
362,Night at the Museum: Battle of the Smithsonian,"$413,106,170",2009
363,Twilight,"$412,379,076",2008
364,Batman,"$411,569,241",1989
365,The Bodyguard,"$411,046,449",1992
366,Pacific Rim,"$411,002,906",2013
367,Kingsman: The Golden Circle,"$410,902,662",2017
368,Dune: Part One,"$410,668,500",2021
369,The Mummy,"$409,231,607",2017
370,Ice Age: Collision Course,"$408,754,975",2016
371,Sing 2,"$408,402,685",2021
372,Signs,"$408,247,917",2002
373,X2: X-Men United,"$407,711,549",2003
374,Fantastic Beasts: The Secrets of Dumbledore,"$407,150,844",2022
375,Uncharted,"$407,141,258",2022
376,The Wolf of Wall Street,"$407,039,432",2013
377,Sonic the Hedgehog 2,"$405,421,518",2022
378,Your Name.,"$405,312,768",2016
379,Alita: Battle Angel,"$404,980,543",2019
380,Bad Boys: Ride or Die,"$404,550,184",2024
381,The Mummy: Tomb of the Dragon Emperor,"$403,449,830",2008
382,Prometheus,"$403,354,469",2012
383,Gone with the Wind,"$402,382,193",1939
384,Eternals,"$402,064,899",2021
385,Toy Story,"$401,157,969",1995
386,Tron: Legacy,"$400,070,675",2010
387,Meg 2: The Trench,"$398,500,317",2023
388,Mission: Impossible III,"$398,479,497",2006
389,Kingdom of the Planet of the Apes,"$397,378,150",2024
390,Snow White and the Huntsman,"$396,592,829",2012
391,Grease,"$396,271,103",1978
392,Mamma Mia! Here We Go Again,"$395,607,854",2018
393,Spider-Man: Into the Spider-Verse,"$394,884,133",2018
394,Black Adam,"$393,452,111",2022
395,Solo: A Star Wars Story,"$392,924,807",2018
396,Once Upon a Time... in Hollywood,"$392,105,159",2019
397,Superman Returns,"$391,081,192",2006
398,Back to the Future,"$390,880,592",1985
399,Robin Hood: Prince of Thieves,"$390,493,908",1991
400,Raiders of the Lost Ark,"$389,925,971",1981
401,Independence Day: Resurgence,"$389,681,935",2016
402,Live Free or Die Hard,"$388,156,011",2007
403,Godzilla: King of the Monsters,"$387,300,138",2019
404,Monster Hunt,"$387,053,506",2015
405,Home,"$386,041,607",2015
406,Star Trek,"$385,681,768",2009
407,Happy Feet,"$384,336,781",2006
408,Indiana Jones and the Dial of Destiny,"$383,963,057",2023
409,Cars 3,"$383,930,656",2017
410,Ice Age,"$383,257,136",2002
411,Thunderbolts*,"$382,436,917",2025
412,Fifty Shades Darker,"$381,545,846",2017
413,Monsters vs. Aliens,"$381,509,870",2009
414,Edge of Tomorrow,"$381,055,527",2014
415,Mad Max: Fury Road,"$380,456,026",2015
416,Black Widow,"$379,751,655",2021
417,Godzilla,"$379,014,294",1998
418,True Lies,"$378,882,411",1994
419,Slumdog Millionaire,"$378,411,362",2008
420,Taken 2,"$376,152,455",2012
421,G.I. Joe: Retaliation,"$375,740,705",2013
422,Batman Begins,"$375,545,613",2005
423,Shark Tale,"$374,583,879",2004
424,What Women Want,"$374,111,707",2000
425,The Adventures of Tintin,"$373,994,233",2011
426,Penguins of Madagascar,"$373,515,621",2014
427,X-Men Origins: Wolverine,"$373,062,864",2009
428,Creation of the Gods I: Kingdom of Storms,"$373,044,244",2023
429,Twisters,"$372,262,265",2024
430,The Golden Compass,"$372,234,864",2007
431,Fifty Shades Freed,"$371,985,018",2018
432,Hitch,"$371,594,603",2005
433,Terminator Salvation,"$371,353,001",2009
434,Gone Girl,"$370,890,259",2014
435,Captain America: The First Avenger,"$370,569,774",2011
436,There's Something About Mary,"$369,884,651",1998
437,The Fugitive,"$368,875,760",1993
438,Jurassic Park III,"$368,780,809",2001
439,My Big Fat Greek Wedding,"$368,744,044",2002
440,Shazam!,"$367,799,011",2019
441,Hello Mr. Billionaire,"$366,961,907",2018
442,Sinners,"$366,678,513",2025
443,Die Hard with a Vengeance,"$366,101,666",1995
444,The Nun,"$366,082,797",2018
445,Alvin and the Chipmunks,"$365,352,546",2007
446,Tenet,"$365,304,105",2020
447,Notting Hill,"$364,019,088",1999
448,A Bug's Life,"$363,258,859",1998
449,Night at the Museum: Secret of the Tomb,"$363,204,635",2014
450,Ocean's Twelve,"$362,744,280",2004
451,Mary Poppins Returns,"$362,529,106",2018
452,Planet of the Apes,"$362,211,740",2001
453,The Hangover Part III,"$362,000,072",2013
454,The World Is Not Enough,"$361,832,400",1999
455,Monster Hunt 2,"$361,682,618",2018
456,Fast & Furious,"$360,405,638",2009
457,Spirited Away,"$360,329,882",2001
458,Noah,"$359,200,044",2014
459,The Karate Kid,"$359,126,022",2010
460,Home Alone 2: Lost in New York,"$358,994,850",1992
461,Hotel Transylvania,"$358,488,860",2012
462,Minority Report,"$358,372,926",2002
463,Top Gun,"$357,288,178",1986
464,The Legend of Tarzan,"$357,243,061",2016
465,American Beauty,"$356,296,601",1999
466,Apollo 13,"$355,770,228",1995
467,Rain Man,"$354,825,435",1988
468,The Great Gatsby,"$353,660,028",2013
469,Dumbo,"$353,284,621",2019
470,"I, Robot","$353,133,898",2004
471,Basic Instinct,"$352,927,224",1992
472,Murder on the Orient Express,"$352,794,081",2017
473,X-Men: First Class,"$352,616,690",2011
474,The Angry Birds Movie,"$352,333,929",2016
475,GoldenEye,"$352,194,034",1995
476,Catch Me If You Can,"$352,114,312",2002
477,Now You See Me,"$351,723,989",2013
478,Hannibal,"$351,692,268",2001
479,The Mask,"$351,583,407",1994
480,Peter Rabbit,"$351,516,614",2018
481,It Ends with Us,"$351,441,044",2024
482,Alien: Romulus,"$350,865,342",2024
483,Speed,"$350,448,145",1994
484,Dinosaur,"$349,822,765",2000
485,Deep Impact,"$349,464,664",1998
486,The Lorax,"$349,305,397",2012
487,The Maze Runner,"$348,319,861",2014
488,The Hunger Games: The Ballad of Songbirds & Snakes,"$347,725,468",2023
489,The Smurfs 2,"$347,545,360",2013
490,National Treasure,"$347,512,530",2004
491,Trolls,"$347,337,803",2016
492,Rush Hour 2,"$347,325,802",2001
493,How the Grinch Stole Christmas,"$347,162,175",2000
494,xXx: Return of Xander Cage,"$346,118,277",2017
495,Pocahontas,"$346,079,773",1995
496,Star Trek Beyond,"$343,471,816",2016
497,Alvin and the Chipmunks: Chipwrecked,"$342,695,435",2011
498,Wanted,"$342,463,063",2008
499,The Flintstones,"$341,631,208",1994
500,A Quiet Place,"$340,955,294",2018
501,Enchanted,"$340,487,869",2007
502,Over the Hedge,"$339,795,890",2006
503,300: Rise of an Empire,"$337,580,051",2014
504,Batman Forever,"$336,567,158",1995
505,Prince of Persia: The Sands of Time,"$336,365,676",2009
506,The Curious Case of Benjamin Button,"$335,802,786",2008
507,Journey 2: The Mysterious Island,"$335,288,576",2012
508,The Rock,"$335,062,621",1996
509,The Great Wall,"$334,933,831",2016
510,Now You See Me 2,"$334,897,606",2016
511,The Wild Robot,"$334,537,187",2024
512,Never Say Die,"$334,530,869",2017
513,Fantastic Four,"$333,535,934",2005
514,Indiana Jones and the Temple of Doom,"$333,107,271",1984
515,Tomorrow Never Dies,"$333,011,068",1997
516,Back to the Future Part II,"$332,861,197",1989
517,The Good Dinosaur,"$332,207,671",2015
518,Little Women,"$332,103,783",2019
519,Free Guy,"$331,526,598",2021
520,22 Jump Street,"$331,333,876",2014
521,Meet the Parents,"$330,444,045",2000
522,Black Swan,"$330,213,626",2010
523,Who Framed Roger Rabbit,"$329,803,958",1988
524,Seven,"$328,982,944",1995
525,The Perfect Storm,"$328,718,434",2000
526,John Wick: Chapter 3 - Parabellum,"$328,349,908",2019
527,Crocodile Dundee,"$328,203,506",1986
528,Crazy Alien,"$327,598,891",2019
529,The Devil Wears Prada,"$326,554,910",2006
530,Taken 3,"$326,479,141",2015
531,Paddington,"$326,113,057",2014
532,The Hunchback of Notre Dame,"$325,338,851",1996
533,A Christmas Carol,"$325,286,646",2009
534,The SpongeBob Movie: Sponge Out of Water,"$325,186,032",2015
535,Bridesmaids,"$324,840,797",2011
536,The Conjuring 2,"$322,819,915",2016
537,Schindler's List,"$322,161,245",1993
538,Megamind,"$321,885,765",2010
539,Green Book,"$321,752,656",2018
540,Lethal Weapon 3,"$321,731,527",1992
541,Robin Hood,"$321,669,741",2010
542,Inglourious Basterds,"$321,460,744",2009
543,101 Dalmatians,"$320,689,294",1996
544,The Conjuring,"$320,422,209",2013
545,Fatal Attraction,"$320,145,693",1987
546,Sonic the Hedgehog,"$319,715,683",2020
547,The Last Airbender,"$319,713,881",2010
548,The Polar Express,"$318,910,211",2004
549,The Proposal,"$317,375,937",2009
550,A Beautiful Mind,"$316,791,257",2001
551,Beverly Hills Cop,"$316,360,478",1984
552,Final Destination: Bloodlines,"$315,230,814",2025
553,Air Force One,"$315,156,409",1997
554,Wonder,"$315,025,930",2017
555,The Expendables 2,"$314,975,955",2012
556,Chicken Little,"$314,432,837",2005
557,As Good as It Gets,"$314,178,011",1997
558,Austin Powers: The Spy Who Shagged Me,"$313,701,294",1999
559,Knives Out,"$312,897,920",2019
560,The Lego Batman Movie,"$312,336,671",2017
561,Maze Runner: The Scorch Trials,"$312,296,056",2015
562,Resident Evil: The Final Chapter,"$312,242,626",2016
563,Ocean's Thirteen,"$311,312,624",2007
564,Little Fockers,"$310,650,585",2010
565,Bolt,"$309,979,994",2008
566,Ransom,"$309,492,681",1996
567,Runaway Bride,"$309,460,292",1999
568,The Blind Side,"$309,231,694",2009
569,The Ex-File 3: Return of the Exes,"$307,592,427",2017
570,The Fault in Our Stars,"$307,170,119",2014
571,The Pursuit of Happyness,"$307,127,625",2006
572,Rise of the Guardians,"$306,941,670",2012
573,Article 20,"$306,899,794",2024
574,Close Encounters of the Third Kind,"$306,889,114",1977
575,Chicago,"$306,777,683",2002
576,Annabelle: Creation,"$306,592,201",2017
577,Skyscraper,"$304,870,828",2018
578,A Good Day to Die Hard,"$304,654,182",2013
579,Mulan,"$304,320,254",1998
580,Dangal,"$303,726,694",2016
581,Passengers,"$303,144,152",2016
582,Battleship,"$303,025,485",2012
583,Liar Liar,"$302,710,615",1997
584,G.I. Joe: The Rise of Cobra,"$302,469,017",2009
585,Wrath of the Titans,"$301,970,083",2012
586,Never Say Never,"$301,957,043",2023
587,Fantastic Four: Rise of the Silver Surfer,"$301,913,131",2007
588,Hook,"$300,854,823",1991
589,Superman,"$300,478,449",1978
590,Rocky IV,"$300,473,716",1985
591,Rambo: First Blood Part II,"$300,400,432",1985
592,Resident Evil: Afterlife,"$300,228,084",2010
593,Migration,"$300,187,799",2023
594,Van Helsing,"$300,157,638",2004
595,Stuart Little,"$300,135,367",1999
596,Beverly Hills Cop II,"$299,965,036",1987
597,Alice Through the Looking Glass,"$299,820,798",2016
598,My Best Friend's Wedding,"$299,288,605",1997
599,Real Steel,"$299,268,508",2011
600,Horton Hears a Who!,"$298,572,799",2008
601,Ocean's Eight,"$297,795,726",2018
602,A Quiet Place Part II,"$297,372,261",2021
603,The Divergent Series: Insurgent,"$297,002,527",2015
604,Look Who's Talking,"$296,999,813",1989
605,Austin Powers in Goldmember,"$296,939,148",2002
606,Ghostbusters,"$296,640,120",1984
607,Miss Peregrine's Home for Peculiar Children,"$296,482,446",2016
608,X-Men,"$296,339,528",2000
609,Ferdinand,"$296,069,199",2017
610,Shutter Island,"$294,978,537",2010
611,Doctor Dolittle,"$294,456,605",1998
612,Bee Movie,"$293,514,336",2007
613,Salt,"$293,503,354",2010
614,G-Force,"$292,817,898",2009
615,The Bourne Supremacy,"$292,542,992",2004
616,The Departed,"$292,095,942",2006
617,Five Nights at Freddy's,"$291,589,416",2023
618,What Lies Beneath,"$291,420,351",2000
619,Pacific Rim: Uprising,"$290,930,148",2018
620,Sex and the City 2,"$290,745,055",2010
621,Casper,"$290,275,662",1995
622,Paddington 2,"$290,132,513",2017
623,Shakespeare in Love,"$289,317,794",1998
624,Divergent,"$288,885,818",2014
625,Coming to America,"$288,752,301",1988
626,Elvis,"$288,670,284",2022
627,Wedding Crashers,"$288,485,135",2005
628,Maze Runner: The Death Cure,"$288,175,335",2018
629,American Pie 2,"$287,553,595",2001
630,Pitch Perfect 2,"$287,144,079",2015
631,The Green Mile,"$286,801,374",1999
632,Oblivion,"$286,168,572",2013
633,Elysium,"$286,140,700",2013
634,Lethal Weapon 4,"$285,444,603",1998
635,John Carter,"$284,139,100",2012
636,Turbo,"$282,570,682",2013
637,The Boy and the Heron,"$282,422,186",2023
638,Bridget Jones's Diary,"$281,996,961",2001
639,The Tourist,"$278,780,441",2010
640,Split,"$278,454,417",2017
641,Scary Movie,"$278,019,771",2000
642,Blade Runner 2049,"$277,937,605",2017
643,xXx,"$277,448,382",2002
644,Creed III,"$276,148,615",2023
645,The Bourne Legacy,"$276,144,750",2012
646,Mr. Peabody & Sherman,"$275,698,039",2014
647,Scooby-Doo,"$275,682,171",2002
648,Lincoln,"$275,293,450",2012
649,Tomb Raider,"$274,950,803",2018
650,Lilo & Stitch,"$274,749,220",2002
651,Lara Croft: Tomb Raider,"$274,703,340",2001
652,The Expendables,"$274,470,394",2010
653,Cloudy with a Chance of Meatballs 2,"$274,325,949",2013
654,The Nutty Professor,"$273,961,019",1996
655,Jerry Maguire,"$273,552,592",1996
656,Bad Boys II,"$273,340,010",2003
657,The Silence of the Lambs,"$272,742,922",1991
658,Grown Ups,"$271,457,606",2010
659,The Flash,"$271,433,313",2023
660,Neighbors,"$270,665,134",2014
661,The Firm,"$270,248,367",1993
662,We're the Millers,"$269,994,119",2012
663,Gran Torino,"$269,958,228",2008
664,"10,000 BC","$269,784,201",2008
665,American Gangster,"$269,755,430",2007
666,The Nun II,"$269,667,073",2023
667,Epic,"$268,426,634",2013
668,Exodus: Gods and Kings,"$268,175,631",2014
669,This Is It,"$267,983,588",2009
670,Weapons,"$267,547,724",2025
671,Bambi,"$267,447,150",1942
672,The Princess and the Frog,"$267,056,816",2009
673,Batman Returns,"$266,941,512",1992
674,Indecent Proposal,"$266,614,059",1993
675,Something's Gotta Give,"$265,328,738",2003
676,Bridget Jones: The Edge of Reason,"$265,126,918",2004
677,The Incredible Hulk,"$264,770,996",2008
678,Waterworld,"$264,218,220",1995
679,The Truman Show,"$264,118,712",1998
680,Charlie's Angels,"$264,105,545",2000
681,The Fifth Element,"$263,920,180",1997
682,Jumanji,"$262,821,940",1995
683,Borat,"$262,552,893",2006
684,Parasite,"$262,550,257",2019
685,Robots,"$262,511,490",2005
686,Knight and Day,"$261,930,436",2010
687,A Quiet Place: Day One,"$261,907,653",2024
688,Taylor Swift: The Eras Tour,"$261,656,269",2023
689,Total Recall,"$261,317,921",1990
690,Encanto,"$261,292,688",2021
691,Terminator: Dark Fate,"$261,119,292",2019
692,The Lone Ranger,"$260,502,115",2013
693,Super 8,"$260,095,986",2011
694,Halloween,"$259,939,869",2018
695,Get Out,"$259,847,228",2016
696,Mojin: The Lost Legend,"$259,368,448",2015
697,Charlie's Angels: Full Throttle,"$259,175,788",2003
698,Rush Hour 3,"$258,097,122",2007
699,The Full Monty,"$257,938,649",1997
700,Erin Brockovich,"$257,851,763",2000
701,Kung Fu Yoga,"$257,753,889",2017
702,Annabelle,"$257,589,952",2014
703,The Garfield Movie,"$257,211,519",2024
704,The Village,"$256,697,520",2003
705,Lost in Hong Kong,"$256,283,912",2015
706,Us,"$256,071,218",2019
707,Pegasus,"$255,863,112",2019
708,Marley & Me,"$255,743,968",2008
709,Cliffhanger,"$255,000,211",1993
710,Wish,"$254,997,360",2023
711,Baahubali 2: The Conclusion,"$254,158,390",2017
712,Babe,"$254,134,910",1995
713,Men in Black: International,"$253,890,701",2019
714,Wild Hogs,"$253,625,427",2007
715,High School Musical 3: Senior Year,"$252,937,244",2008
716,Hercules,"$252,712,101",1997
717,X-Men: Dark Phoenix,"$252,442,974",2019
718,True Grit,"$252,278,285",2010
719,Dolittle,"$251,410,631",2020
720,Bean,"$251,212,670",1997
721,American Hustle,"$251,171,807",2013
722,The Godfather,"$250,925,379",1972
723,Boonie Bears: Time Twist,"$250,921,235",2024
724,Enemy of the State,"$250,849,789",1998
725,You've Got Mail,"$250,821,575",1998
726,Love Actually,"$250,779,876",2003
727,Sound of Freedom,"$250,570,396",2023
728,Eragon,"$250,425,512",2006
729,Brother Bear,"$250,397,798",2003
730,The Bad Guys,"$250,387,888",2022
731,Chang An,"$250,318,788",2023
732,The Mask of Zorro,"$250,288,523",1998
733,The Ring,"$249,348,933",2002
734,The Blair Witch Project,"$248,639,099",1999
735,Unbreakable,"$248,118,121",2000
736,Journey to the West: The Demons Strike Back,"$247,585,244",2017
737,Dumb and Dumber,"$247,290,327",1994
738,Glass,"$246,999,039",2019
739,Grown Ups 2,"$246,984,278",2013
740,The First Slam Dunk,"$246,880,077",2022
741,The Peanuts Movie,"$246,233,113",2015
742,Rango,"$245,724,603",2011
743,Four Weddings and a Funeral,"$245,700,832",1994
744,Face/Off,"$245,676,146",1997
745,Teenage Mutant Ninja Turtles: Out of the Shadows,"$245,623,848",2016
746,Dark Shadows,"$245,527,817",2012
747,Hulk,"$245,285,165",2003
748,The Bravest,"$245,179,562",2019
749,Welcome to the Sticks,"$245,144,417",2008
750,Back to the Future Part III,"$245,077,583",1990
751,Pixels,"$244,874,809",2015
752,Hercules,"$244,819,862",2014
753,Rush Hour,"$244,721,064",1998
754,Journey to the Center of the Earth,"$244,232,688",2008
755,Sully,"$243,870,033",2016
756,After Earth,"$243,611,982",2013
757,A Few Good Men,"$243,240,178",1992
758,Cloudy with a Chance of Meatballs,"$243,006,136",2009
759,8 Mile,"$242,875,078",2002
760,Daddy's Home,"$242,786,137",2015
761,RoboCop,"$242,688,965",2014
762,Howl's Moving Castle,"$242,482,403",2004
763,Eraser,"$242,295,562",1996
764,Alien: Covenant,"$240,892,187",2017
765,Assassin's Creed,"$240,697,856",2016
766,Click,"$240,685,326",2006
767,Jiang Ziya,"$240,646,355",2020
768,Planes,"$240,171,783",2013
769,Resident Evil: Retribution,"$240,159,255",2012
770,Die Hard 2,"$240,031,274",1990
771,Crocodile Dundee II,"$239,606,210",1988
772,Crazy Rich Asians,"$239,343,729",2018
773,Bullet Train,"$239,268,602",2022
774,Batman & Robin,"$238,259,753",1997
775,Hidden Figures,"$237,613,666",2016
776,Gulliver's Travels,"$237,382,724",2010
777,Gone in 60 Seconds,"$237,202,299",2000
778,Green Lantern,"$237,201,172",2011
779,Saturday Night Fever,"$237,113,184",1977
780,Silver Linings Playbook,"$236,412,453",2012
781,2 Fast 2 Furious,"$236,353,236",2003
782,A.I. Artificial Intelligence,"$235,926,635",2001
783,Dead Poets Society,"$235,860,116",1989
784,Spy,"$235,666,219",2015
785,American Pie,"$235,483,004",1999
786,American Reunion,"$234,989,584",2012
787,Big Daddy,"$234,801,895",1999
788,Alvin and the Chipmunks: The Road Chip,"$234,798,636",2015
789,The Bad Guys 2,"$233,645,839",2025
790,The Imitation Game,"$233,555,708",2014
791,Cruella,"$233,503,234",2021
792,The Day the Earth Stood Still,"$233,093,859",2008
793,American Wedding,"$232,722,935",2003
794,The Girl with the Dragon Tattoo,"$232,617,430",2011
795,Juno,"$232,373,066",2007
796,Argo,"$232,325,503",2012
797,Mr. Bean's Holiday,"$232,225,908",2007
798,The English Patient,"$231,976,425",1996
799,Sister Act,"$231,605,150",1992
800,Annabelle Comes Home,"$231,252,591",2019
801,Constantine,"$230,912,116",2005
802,Get Smart,"$230,685,453",2008
803,Space Jam,"$230,594,962",1996
804,Elf,"$230,266,511",2003
805,Life Is Beautiful,"$230,099,013",1998
806,The Heat,"$229,930,771",2013
807,Ghostbusters,"$229,147,509",2016
808,Ghost Rider,"$228,738,393",2007
809,Goodbye Mr. Loser,"$228,122,928",2015
810,Sleepless in Seattle,"$227,927,165",1993
811,Lethal Weapon 2,"$227,853,986",1989
812,The Green Hornet,"$227,817,248",2011
813,Out of Africa,"$227,514,205",1985
814,Better Days,"$227,140,557",2019
815,Youth,"$227,091,290",2017
816,Baby Driver,"$226,945,087",2017
817,Immortals,"$226,904,017",2011
818,Taken,"$226,837,760",2008
819,Percy Jackson & the Olympians: The Lightning Thief,"$226,497,209",2010
820,Lightyear,"$226,425,420",2022
821,Hansel & Gretel: Witch Hunters,"$226,349,749",2013
822,Ford v Ferrari,"$226,299,480",2019
823,Valerian and the City of a Thousand Planets,"$225,973,340",2017
824,Good Will Hunting,"$225,933,435",1997
825,Jumper,"$225,132,113",2008
826,The Social Network,"$224,927,749",2010
827,Chicken Run,"$224,888,359",2000
828,Con Air,"$224,012,234",1997
829,Interview with the Vampire,"$223,664,608",1994
830,Flightplan,"$223,387,299",2005
831,Yes Man,"$223,241,637",2008
832,Non-Stop,"$222,809,600",2014
833,"Honey, I Shrunk the Kids","$222,724,172",1989
834,Fahrenheit 9/11,"$222,446,882",2004
835,Napoleon,"$222,435,664",2023
836,Wild Wild West,"$222,104,681",1999
837,Geostorm,"$221,900,160",2017
838,"My Country, My Parents","$221,831,086",2021
839,The Help,"$221,802,186",2011
840,Presumed Innocent,"$221,303,188",1990
841,Suzume,"$221,184,739",2022
842,Jungle Cruise,"$220,889,446",2021
843,Scary Movie 3,"$220,673,217",2003
844,Anyone But You,"$220,332,985",2023
845,Collateral,"$220,241,086",2004
846,Inferno,"$220,021,259",2016
847,Knocked Up,"$219,922,417",2007
848,What Happens in Vegas,"$219,375,562",2008
849,It's Complicated,"$219,103,655",2009
850,The Terminal,"$219,100,084",2004
851,Captain Phillips,"$218,791,811",2013
852,The Prince of Egypt,"$218,613,188",1998
853,Jack Reacher,"$218,340,595",2012
854,Boonie Bears: Guardian Code,"$218,075,304",2023
855,Smallfoot,"$218,015,531",2018
856,The Emoji Movie,"$217,776,646",2017
857,Smile,"$217,408,513",2022
858,Too Cool to Kill,"$217,254,604",2022
859,Dracula Untold,"$217,124,280",2014
860,Central Intelligence,"$216,940,871",2016
861,Million Dollar Baby,"$216,763,646",2004
862,Twins,"$216,614,388",1988
863,Valentine's Day,"$216,528,528",2010
864,Superman II,"$216,385,706",1981
865,Bad Teacher,"$216,197,492",2011
866,A Little Red Flower,"$216,000,000",2020
867,The Croods: A New Age,"$215,905,815",2020
868,Clear and Present Danger,"$215,887,717",1994
869,One Hundred and One Dalmatians,"$215,880,014",1961
870,Ted 2,"$215,863,606",2015
871,Dracula,"$215,862,692",1992
872,Vertical Limit,"$215,663,859",2000
873,Ghostbusters II,"$215,394,738",1989
874,The Patriot,"$215,294,342",2000
875,The Sorcerer's Apprentice,"$215,283,742",2010
876,Just Go with It,"$214,945,591",2011
877,The Expendables 3,"$214,657,577",2014
878,Dirty Dancing,"$214,577,242",1987
879,Creed II,"$214,215,889",2018
880,Kingdom of Heaven,"$214,166,914",2005
881,Public Enemies,"$214,104,620",2009
882,The Bourne Identity,"$214,034,224",2002
883,Disclosure,"$214,015,089",1994
884,"Crouching Tiger, Hidden Dragon","$213,979,405",2000
885,Pulp Fiction,"$213,928,762",1994
886,The Aviator,"$213,719,942",2004
887,Braveheart,"$213,216,216",1995
888,Into the Woods,"$212,902,959",2014
889,Bedtime Stories,"$212,874,864",2008
890,Arrival,"$212,758,656",2016
891,Miss Congeniality,"$212,758,130",2000
892,Entrapment,"$212,404,396",1999
893,Ace Ventura: When Nature Calls,"$212,385,533",1995
894,End of Days,"$211,989,043",1999
895,Bridget Jones's Baby,"$211,952,420",2016
896,Fury,"$211,822,697",2014
897,Battle Los Angeles,"$211,819,354",2011
898,Australia,"$211,816,634",2008
899,Due Date,"$211,780,824",2010
900,Master and Commander: The Far Side of the World,"$211,623,421",2003
901,A Series of Unfortunate Events,"$211,468,235",2004
902,The Little Mermaid,"$211,343,479",1989
903,Nice View,"$211,019,042",2022
904,District 9,"$210,889,681",2009
905,Moonraker,"$210,308,099",1979
906,Trolls Band Together,"$210,231,405",2023
907,The Others,"$210,002,906",2001
908,Horrible Bosses,"$209,838,559",2011
909,Us and Them,"$209,221,380",2018
910,Red Dragon,"$209,196,298",2002
911,Tomorrowland,"$209,035,668",2015
912,Me Before You,"$208,450,780",2016
913,Safe House,"$208,076,205",2012
914,S.W.A.T.,"$207,725,639",2003
915,DC League of Super-Pets,"$207,557,117",2022
916,The Fast and the Furious,"$207,517,995",2001
917,Traffic,"$207,515,725",2000
918,Joker: Folie à Deux,"$207,500,287",2024
919,Paranormal Activity 3,"$207,039,844",2011
920,Philadelphia,"$206,678,440",1993
921,Ponyo,"$206,530,156",2008
922,The Conjuring: The Devil Made Me Do It,"$206,444,123",2021
923,The Marvels,"$206,136,825",2023
924,Sleepy Hollow,"$206,071,526",1999
925,The Jungle Book,"$205,843,612",1967
926,Raging Fire,"$205,842,393",2021
927,London Has Fallen,"$205,754,447",2016
928,Snow White,"$205,679,463",2025
929,The Break-Up,"$205,668,210",2006
930,Journey to the West: Conquering the Demons,"$205,637,183",2013
931,The Ugly Truth,"$205,599,393",2009
932,Birds of Prey and the Fantabulous Emancipation of One Harley Quinn,"$205,537,933",2020
933,Dungeons & Dragons: Honor Among Thieves,"$205,460,387",2023
934,JFK,"$205,405,498",1991
935,White House Down,"$205,366,737",2013
936,The Holiday,"$205,219,880",2006
937,PAW Patrol: The Mighty Movie,"$205,098,869",2023
938,A Dog's Purpose,"$205,035,819",2017
939,Fun with Dick and Jane,"$204,681,899",2005
940,Eat Pray Love,"$204,596,571",2010
941,Ghostbusters: Afterlife,"$204,445,747",2021
942,The Addams Family,"$204,394,183",2019
943,You Don't Mess with the Zohan,"$204,313,400",2008
944,Hairspray,"$203,631,405",2007
945,King Arthur,"$203,567,857",2004
946,Yogi Bear,"$203,509,374",2010
947,Everest,"$203,427,584",2015
948,Vanilla Sky,"$203,388,341",2001
949,Need for Speed,"$203,277,636",2014
950,Garfield: The Movie,"$203,172,417",2004
951,Patch Adams,"$202,292,902",1998
952,Teenage Mutant Ninja Turtles,"$202,084,756",1990
953,Ghostbusters: Frozen Empire,"$201,967,521",2024
954,Kindergarten Cop,"$201,957,688",1990
955,Straight Outta Compton,"$201,634,991",2015
956,21 Jump Street,"$201,585,556",2012
957,Valkyrie,"$201,545,517",2008
958,Open Season,"$200,811,689",2006
959,Cats & Dogs,"$200,687,492",2001
960,The Hunt for Red October,"$200,512,643",1990
961,Percy Jackson: Sea of Monsters,"$199,850,315",2013
962,The Lego Movie 2: The Second Part,"$199,603,202",2019
963,Two Weeks Notice,"$199,043,471",2002
964,RED,"$199,006,387",2010
965,Shock Wave 2,"$198,921,659",2020
966,City of Angels,"$198,685,114",1998
967,The Pacifier,"$198,636,868",2005
968,50 First Dates,"$198,520,934",2004
969,Total Recall,"$198,467,607",2012
970,The Island,"$198,326,350",2018
971,The Impossible,"$198,087,212",2012
972,Lost in Thailand,"$197,757,387",2012
973,Christopher Robin,"$197,744,825",2018
974,Jack the Giant Slayer,"$197,687,603",2013
975,Smurfs: The Lost Village,"$197,183,546",2017
976,Chinese Doctors,"$197,143,218",2021
977,Spy Kids 3: Game Over,"$197,101,678",2003
978,Panic Room,"$197,079,546",2002
979,The Other Woman,"$196,710,396",2014
980,Stargate,"$196,567,262",1994
981,Beowulf,"$196,393,745",2007
982,The Vow,"$196,114,570",2012
983,Anger Management,"$195,745,823",2003
984,Tropic Thunder,"$195,703,708",2008
985,Rocketman,"$195,320,400",2019
986,The Pelican Brief,"$195,268,056",1993
987,The Shape of Water,"$195,243,464",2017
988,The BFG,"$195,243,411",2016
989,The Intern,"$194,764,672",2015
990,Downton Abbey,"$194,694,725",2019
991,Gnomeo & Juliet,"$193,967,670",2011
992,The Sum of All Fears,"$193,921,372",2002
993,Gangs of New York,"$193,772,504",2002
994,The Post,"$193,764,664",2017
995,The Monkey King 2,"$193,678,298",2016
996,Paranormal Activity,"$193,355,933",2009
997,The Lost City,"$192,907,684",2022
998,Wallace & Gromit: The Curse of the Were-Rabbit,"$192,781,882",2005
999,Weathering with You,"$192,729,404",2019
1000,The Equalizer,"$192,330,738",2014
